-- phpMyAdmin SQL Dump
-- version 5.1.1
-- https://www.phpmyadmin.net/
--
-- Host: 127.0.0.1
-- Generation Time: Mar 01, 2022 at 08:03 AM
-- Server version: 10.4.21-MariaDB
-- PHP Version: 8.0.10

SET SQL_MODE = "NO_AUTO_VALUE_ON_ZERO";
START TRANSACTION;
SET time_zone = "+00:00";


/*!40101 SET @OLD_CHARACTER_SET_CLIENT=@@CHARACTER_SET_CLIENT */;
/*!40101 SET @OLD_CHARACTER_SET_RESULTS=@@CHARACTER_SET_RESULTS */;
/*!40101 SET @OLD_COLLATION_CONNECTION=@@COLLATION_CONNECTION */;
/*!40101 SET NAMES utf8mb4 */;

--
-- Database: `cs_annur`
--

-- --------------------------------------------------------

--
-- Table structure for table `jamaah`
--

CREATE TABLE `jamaah` (
  `id_jamaah` varchar(11) NOT NULL,
  `nama_jamaah` varchar(100) NOT NULL,
  `gender` enum('IKHWAN','AKHWAT') DEFAULT NULL,
  `id_provinsi` int(3) NOT NULL,
  `nomor_hp` varchar(14) DEFAULT NULL,
  `id_komunitas` int(11) DEFAULT NULL
) ENGINE=InnoDB DEFAULT CHARSET=utf8mb4;

--
-- Dumping data for table `jamaah`
--

INSERT INTO `jamaah` (`id_jamaah`, `nama_jamaah`, `gender`, `id_provinsi`, `nomor_hp`, `id_komunitas`) VALUES
('N101', 'Obets', 'IKHWAN', 33, NULL, 1),
('N102', 'Syukri', 'IKHWAN', 33, NULL, 1),
('N103', 'Haikal', 'IKHWAN', 33, NULL, 1),
('N104', 'Jalal', 'IKHWAN', 33, NULL, 1),
('N105', 'Fajri', 'IKHWAN', 33, NULL, 1),
('N106', 'Fadhil', 'IKHWAN', 33, NULL, 1),
('N107', 'Nabil (budi)', 'IKHWAN', 33, NULL, 1),
('N108', 'Makki', 'IKHWAN', 33, NULL, 1),
('N109', 'Otok', 'IKHWAN', 33, NULL, 1),
('N110', 'Amin', 'IKHWAN', 33, NULL, 1),
('N111', 'Novri', 'IKHWAN', 33, NULL, 1),
('N112', 'Jefri', 'IKHWAN', 33, NULL, 1),
('N113', 'Mamad', 'IKHWAN', 33, NULL, 1),
('N114', 'Syakir', 'IKHWAN', 33, NULL, 1),
('N115', 'Hamid', 'IKHWAN', 33, NULL, 1),
('N116', 'Faruq', 'IKHWAN', 33, NULL, 1),
('N117', 'Pian', 'IKHWAN', 33, NULL, 1),
('N118', 'Maman', 'IKHWAN', 33, NULL, 1),
('N119', 'Dedi', 'IKHWAN', 33, NULL, 1),
('N120', 'Zikri', 'IKHWAN', 33, NULL, 1),
('N121', 'Fikri', 'IKHWAN', 33, NULL, 1),
('N122', 'Hendra', 'IKHWAN', 33, NULL, 1),
('N123', 'Togar', 'IKHWAN', 33, NULL, 1),
('N124', 'Usful Kakcik', 'IKHWAN', 33, NULL, 1),
('N125', 'Uwais', 'IKHWAN', 33, NULL, 1),
('N126', 'Aminuddin', 'IKHWAN', 33, NULL, 1),
('N127', 'Bibi', 'IKHWAN', 33, NULL, 1),
('N128', 'Izzi', 'IKHWAN', 33, NULL, 1),
('N129', 'Abdul Mu\'in\r\n', 'IKHWAN', 33, NULL, 1),
('N130', 'Medi (Ammar bin Yashir)', 'IKHWAN', 33, NULL, 1),
('N131', 'Buddin', 'IKHWAN', 33, NULL, 1),
('N132', 'Naqib', 'IKHWAN', 33, NULL, 1),
('N133', 'Aat', 'IKHWAN', 33, NULL, 1),
('N134', 'Fengky', 'IKHWAN', 33, NULL, 1),
('N135', 'Mgs. M. Fikri', 'IKHWAN', 33, NULL, 1),
('N136', 'Fahrurrozi', 'IKHWAN', 33, NULL, 1),
('N137', 'M. Kiki Abdulaziz', 'IKHWAN', 33, NULL, 1),
('T101', 'Amanda', 'AKHWAT', 33, NULL, 1),
('T102', 'Riyani', 'AKHWAT', 33, NULL, 1),
('T103', 'Kiara', 'AKHWAT', 33, NULL, 1),
('T104', 'Tini', 'AKHWAT', 33, NULL, 1),
('T105', ' Sumayah', 'AKHWAT', 33, NULL, 1),
('T106', 'Nadin', 'AKHWAT', 33, NULL, 1),
('T107', 'Rika', 'AKHWAT', 33, NULL, 1),
('T108', 'Nadya', 'AKHWAT', 33, NULL, 1),
('T109', 'Dini', 'AKHWAT', 33, NULL, 1),
('T110', 'Dila', 'AKHWAT', 33, NULL, 1),
('T111', 'Azizah', 'AKHWAT', 33, NULL, 1),
('T112', 'Naya', 'AKHWAT', 33, NULL, 1),
('T113', 'Ine', 'AKHWAT', 33, NULL, 1),
('T114', 'Eca', 'AKHWAT', 33, NULL, 1),
('T115', 'Tiya', 'AKHWAT', 33, NULL, 1),
('T116', 'Nanda', 'AKHWAT', 33, NULL, 1),
('T117', 'Icha', 'AKHWAT', 33, NULL, 1),
('T118', 'Yulia', 'AKHWAT', 33, NULL, 1),
('T119', 'Rahma Wulan', 'AKHWAT', 33, NULL, 1),
('T120', 'Okta', 'AKHWAT', 33, NULL, 1),
('T121', 'Nayla', 'AKHWAT', 33, NULL, 1),
('T122', 'Nabila', 'AKHWAT', 33, NULL, 1),
('T123', 'Andin', 'AKHWAT', 33, NULL, 1),
('T124', 'Ara', 'AKHWAT', 33, NULL, 1),
('T125', 'Keyla', 'AKHWAT', 33, NULL, 1),
('T126', 'Waroh', 'AKHWAT', 33, NULL, 1),
('T127', 'fahira', 'AKHWAT', 33, NULL, 1),
('T128', 'Fatimah', 'AKHWAT', 33, NULL, 1),
('T129', 'Adinda Siti F', 'AKHWAT', 33, NULL, 1),
('T130', 'Puput', 'AKHWAT', 33, NULL, 1),
('T131', 'Tiwi', 'AKHWAT', 33, NULL, 1),
('T132', 'Zaskia', 'AKHWAT', 33, NULL, 1),
('T133', 'Lili', 'AKHWAT', 33, NULL, 1),
('T134', 'Aura', 'AKHWAT', 33, NULL, 1),
('T135', 'Devi', 'AKHWAT', 33, NULL, 1),
('T136', 'Dwi', 'AKHWAT', 33, NULL, 1),
('T137', 'Nadin', 'AKHWAT', 33, NULL, 1),
('T138', 'Nadia', 'AKHWAT', 33, NULL, 1),
('T139', 'Safira', 'AKHWAT', 33, NULL, 1),
('T140', 'R.A. Nabila', 'AKHWAT', 33, NULL, 1),
('T141', 'Sri', 'AKHWAT', 33, NULL, 1),
('T142', 'Irma', 'AKHWAT', 33, NULL, 1),
('T143', 'Aulia', 'AKHWAT', 33, NULL, 1),
('T144', 'Hanifa', 'AKHWAT', 33, NULL, 1),
('T145', 'Wulan', 'AKHWAT', 33, NULL, 1),
('T146', 'Anggun', 'AKHWAT', 33, NULL, 1),
('T147', 'Anggun Pratiwi', 'AKHWAT', 33, NULL, 1),
('T148', 'Zati', 'AKHWAT', 33, NULL, 1),
('T149', 'Wiyah', 'AKHWAT', 33, NULL, 1),
('T150', 'Dhia', 'AKHWAT', 33, NULL, 1),
('T151', 'Intan', 'AKHWAT', 33, NULL, 1),
('T152', 'Yusri', 'AKHWAT', 33, NULL, 1),
('T153', 'Nabila R', 'AKHWAT', 33, NULL, 1),
('T154', 'Desti', 'AKHWAT', 33, NULL, 1),
('T155', 'Amelia', 'AKHWAT', 33, NULL, 1),
('T156', 'Nadin', 'AKHWAT', 33, NULL, 1),
('T157', 'Tasya', 'AKHWAT', 33, NULL, 1),
('T158', 'Mayang', 'AKHWAT', 33, NULL, 1),
('T159', 'Zulfa', 'AKHWAT', 33, NULL, 1),
('T160', 'Aurel', 'AKHWAT', 33, NULL, 1),
('T161', 'Adinda Rihana', 'AKHWAT', 33, NULL, 1),
('T162', 'Nyimas Nurul Atiqah', 'AKHWAT', 33, NULL, 1),
('T163', 'Ira', 'AKHWAT', 33, NULL, 1),
('T164', 'RA Rahma Allya', 'AKHWAT', 33, NULL, 1),
('T165', 'Ija', 'AKHWAT', 33, NULL, 1),
('T166', 'Fatimah Azzahro\'', 'AKHWAT', 33, NULL, 1),
('T167', 'Julia', 'AKHWAT', 33, NULL, 1),
('T168', 'Vebby IF06_', 'AKHWAT', 33, NULL, 1),
('T169', 'Nyimas Inda', 'AKHWAT', 33, NULL, 1),
('T170', 'Cinta', 'AKHWAT', 33, NULL, 1),
('T171', 'Ulpa', 'AKHWAT', 33, NULL, 1),
('T172', 'Dewi', 'AKHWAT', 33, NULL, 1),
('T173', 'Ija', 'AKHWAT', 33, NULL, 1);

-- --------------------------------------------------------

--
-- Table structure for table `komunitas`
--

CREATE TABLE `komunitas` (
  `id_komunitas` int(11) NOT NULL,
  `nama_komunitas` varchar(150) DEFAULT NULL,
  `singkatan_komunitas` varchar(50) DEFAULT NULL,
  `kota` varchar(100) DEFAULT NULL,
  `negara` varchar(100) DEFAULT NULL
) ENGINE=InnoDB DEFAULT CHARSET=latin1;

--
-- Dumping data for table `komunitas`
--

INSERT INTO `komunitas` (`id_komunitas`, `nama_komunitas`, `singkatan_komunitas`, `kota`, `negara`) VALUES
(1, 'Majelis Ta\'lim Annur 1 Ulu Laut Palembang', 'MT Annur', 'Palembang', 'Indonesia'),
(2, 'Unsri Fasilkom Bersholawat', 'ILKOM UNSRI', 'Palembang', 'Indonesia');

-- --------------------------------------------------------

--
-- Table structure for table `provinsi`
--

CREATE TABLE `provinsi` (
  `id_provinsi` int(11) NOT NULL,
  `kode_provinsi` varchar(10) NOT NULL,
  `nama_provinsi` varchar(100) NOT NULL
) ENGINE=InnoDB DEFAULT CHARSET=latin1;

--
-- Dumping data for table `provinsi`
--

INSERT INTO `provinsi` (`id_provinsi`, `kode_provinsi`, `nama_provinsi`) VALUES
(0, 'id-xx', '#N/A'),
(1, 'id-ac', 'Prov. Aceh'),
(2, 'id-ba', 'Prov. Bali'),
(3, 'id-bb', 'Prov. Bangka Belitung'),
(4, 'id-bt', 'Prov. Banten'),
(5, 'id-be', 'Prov. Bengkulu'),
(6, 'id-yo', 'Prov. D.I. Yogyakarta'),
(7, 'id-jk', 'Prov. D.K.I. Jakarta'),
(8, 'id-go', 'Prov. Gorontalo'),
(9, 'id-ja', 'Prov. Jambi'),
(10, 'id-jr', 'Prov. Jawa Barat'),
(11, 'id-jt', 'Prov. Jawa Tengah'),
(12, 'id-ji', 'Prov. Jawa Timur'),
(13, 'id-kb', 'Prov. Kalimantan Barat'),
(14, 'id-ks', 'Prov. Kalimantan Selatan'),
(15, 'id-kt', 'Prov. Kalimantan Tengah'),
(16, 'id-ki', 'Prov. Kalimantan Timur'),
(17, 'id-ku', 'Prov. Kalimantan Utara'),
(18, 'id-kr', 'Prov. Kepulauan Riau'),
(19, 'id-1024', 'Prov. Lampung'),
(20, 'id-ma', 'Prov. Maluku'),
(21, 'id-la', 'Prov. Maluku Utara'),
(22, 'id-nb', 'Prov. Nusa Tenggara Barat'),
(23, 'id-nt', 'Prov. Nusa Tenggara Timur'),
(24, 'id-pa', 'Prov. Papua'),
(25, 'id-ib', 'Prov. Papua Barat'),
(26, 'id-ri', 'Prov. Riau'),
(27, 'id-sr', 'Prov. Sulawesi Barat'),
(28, 'id-se', 'Prov. Sulawesi Selatan'),
(29, 'id-st', 'Prov. Sulawesi Tengah'),
(30, 'id-sg', 'Prov. Sulawesi Tenggara'),
(31, 'id-sw', 'Prov. Sulawesi Utara'),
(32, 'id-sb', 'Prov. Sumatera Barat'),
(33, 'id-sl', 'Prov. Sumatera Selatan'),
(34, 'id-su', 'Prov. Sumatera Utara');

-- --------------------------------------------------------

--
-- Table structure for table `setoran`
--

CREATE TABLE `setoran` (
  `id_setoran` int(11) NOT NULL,
  `tanggal_masehi` date NOT NULL DEFAULT current_timestamp(),
  `tanggal_hijriyah` varchar(10) DEFAULT NULL,
  `id_jamaah` varchar(11) NOT NULL,
  `jumlah` int(7) NOT NULL
) ENGINE=InnoDB DEFAULT CHARSET=utf8mb4;

--
-- Dumping data for table `setoran`
--

INSERT INTO `setoran` (`id_setoran`, `tanggal_masehi`, `tanggal_hijriyah`, `id_jamaah`, `jumlah`) VALUES
(1, '2021-09-17', '1443-02-10', 'N101', 4512),
(2, '2021-09-17', '1443-02-10', 'N102', 3034),
(3, '2021-09-17', '1443-02-10', 'N103', 1280),
(4, '2021-09-17', '1443-02-10', 'N104', 1621),
(5, '2021-09-17', '1443-02-10', 'N105', 2360),
(6, '2021-09-17', '1443-02-10', 'N106', 1272),
(7, '2021-09-17', '1443-02-10', 'N107', 1500),
(8, '2021-09-17', '1443-02-10', 'N108', 1500),
(9, '2021-09-17', '1443-02-10', 'N109', 1236),
(10, '2021-09-17', '1443-02-10', 'N110', 1618),
(11, '2021-09-17', '1443-02-10', 'N111', 6011),
(12, '2021-09-17', '1443-02-10', 'N112', 2650),
(13, '2021-09-17', '1443-02-10', 'N113', 1058),
(14, '2021-09-18', '1443-02-11', 'N101', 7710),
(15, '2021-09-18', '1443-02-11', 'N102', 3500),
(16, '2021-09-18', '1443-02-11', 'N103', 2026),
(17, '2021-09-18', '1443-02-11', 'N104', 6571),
(18, '2021-09-18', '1443-02-11', 'N105', 4300),
(19, '2021-09-18', '1443-02-11', 'N106', 1996),
(21, '2021-09-18', '1443-02-11', 'N108', 5000),
(22, '2021-09-18', '1443-02-11', 'N109', 1300),
(23, '2021-09-18', '1443-02-11', 'N110', 2332),
(24, '2021-09-18', '1443-02-11', 'N111', 11425),
(25, '2021-09-18', '1443-02-11', 'N112', 2500),
(26, '2021-09-18', '1443-02-11', 'N113', 1308),
(27, '2021-09-18', '1443-02-11', 'N114', 2277),
(28, '2021-09-18', '1443-02-11', 'N115', 9999),
(29, '2021-09-18', '1443-02-11', 'N116', 2005),
(30, '2021-09-18', '1443-02-11', 'N117', 3019),
(31, '2021-09-18', '1443-02-11', 'N118', 1000),
(32, '2021-09-18', '1443-02-11', 'N119', 5232),
(33, '2021-09-18', '1443-02-11', 'N120', 1126),
(34, '2021-09-18', '1443-02-11', 'T101', 11415),
(35, '2021-09-18', '1443-02-11', 'T102', 10500),
(36, '2021-09-18', '1443-02-11', 'T103', 6730),
(37, '2021-09-18', '1443-02-11', 'T104', 10786),
(38, '2021-09-18', '1443-02-11', 'T105', 2822),
(39, '2021-09-18', '1443-02-11', 'T106', 1130),
(40, '2021-09-18', '1443-02-11', 'T107', 3200),
(41, '2021-09-18', '1443-02-11', 'T108', 2196),
(42, '2021-09-18', '1443-02-11', 'T109', 11206),
(43, '2021-09-18', '1443-02-11', 'T110', 9600),
(44, '2021-09-18', '1443-02-11', 'T111', 11200),
(45, '2021-09-18', '1443-02-11', 'T112', 2646),
(46, '2021-09-18', '1443-02-11', 'T113', 23211),
(47, '2021-09-18', '1443-02-11', 'T114', 10420),
(48, '2021-09-18', '1443-02-11', 'T115', 1010),
(49, '2021-09-18', '1443-02-11', 'T116', 1300),
(50, '2021-09-18', '1443-02-11', 'T117', 1350),
(51, '2021-09-18', '1443-02-11', 'T118', 3300),
(52, '2021-09-18', '1443-02-11', 'T119', 3150),
(53, '2021-09-18', '1443-02-11', 'T120', 1550),
(54, '2021-09-18', '1443-02-11', 'T121', 2800),
(55, '2021-09-18', '1443-02-11', 'T122', 3100),
(56, '2021-09-18', '1443-02-11', 'T123', 1100),
(57, '2021-09-18', '1443-02-11', 'T124', 2100),
(58, '2021-09-18', '1443-02-11', 'T125', 2000),
(59, '2021-09-18', '1443-02-11', 'T126', 1122),
(60, '2021-09-18', '1443-02-11', 'T127', 3050),
(61, '2021-09-18', '1443-02-11', 'T128', 6480),
(62, '2021-09-19', '1443-02-12', 'N101', 5772),
(63, '2021-09-19', '1443-02-12', 'N102', 8146),
(64, '2021-09-19', '1443-02-12', 'N103', 1780),
(65, '2021-09-19', '1443-02-12', 'N104', 22638),
(66, '2021-09-19', '1443-02-12', 'N105', 2000),
(67, '2021-09-19', '1443-02-12', 'N106', 2000),
(68, '2021-09-19', '1443-02-12', 'N107', 2000),
(70, '2021-09-19', '1443-02-12', 'N109', 1200),
(71, '2021-09-19', '1443-02-12', 'N110', 1000),
(72, '2021-09-19', '1443-02-12', 'N111', 12345),
(73, '2021-09-19', '1443-02-12', 'N112', 2345),
(74, '2021-09-19', '1443-02-12', 'N113', 2025),
(76, '2021-09-19', '1443-02-12', 'N115', 9999),
(77, '2021-09-19', '1443-02-12', 'N116', 2122),
(78, '2021-09-19', '1443-02-12', 'N117', 3019),
(79, '2021-09-19', '1443-02-12', 'N118', 1000),
(81, '2021-09-19', '1443-02-12', 'N120', 1126),
(82, '2021-09-19', '1443-02-12', 'N121', 4000),
(83, '2021-09-19', '1443-02-12', 'T101', 8631),
(84, '2021-09-19', '1443-02-12', 'T102', 17020),
(85, '2021-09-19', '1443-02-12', 'T103', 11550),
(86, '2021-09-19', '1443-02-12', 'T104', 11200),
(88, '2021-09-19', '1443-02-12', 'T106', 2874),
(89, '2021-09-19', '1443-02-12', 'T107', 4489),
(90, '2021-09-19', '1443-02-12', 'T108', 1257),
(91, '2021-09-19', '1443-02-12', 'T109', 1874),
(94, '2021-09-19', '1443-02-12', 'T112', 1500),
(95, '2021-09-19', '1443-02-12', 'T113', 2405),
(96, '2021-09-19', '1443-02-12', 'T114', 11446),
(97, '2021-09-19', '1443-02-12', 'T115', 1556),
(98, '2021-09-19', '1443-02-12', 'T116', 8258),
(99, '2021-09-19', '1443-02-12', 'T117', 2110),
(100, '2021-09-19', '1443-02-12', 'T118', 5100),
(101, '2021-09-19', '1443-02-12', 'T119', 3535),
(102, '2021-09-19', '1443-02-12', 'T120', 3014),
(103, '2021-09-19', '1443-02-12', 'T121', 4200),
(104, '2021-09-19', '1443-02-12', 'T122', 3300),
(105, '2021-09-19', '1443-02-12', 'T123', 2300),
(106, '2021-09-19', '1443-02-12', 'T124', 4100),
(107, '2021-09-19', '1443-02-12', 'T125', 1100),
(108, '2021-09-19', '1443-02-12', 'T126', 4215),
(109, '2021-09-19', '1443-02-12', 'T127', 4200),
(110, '2021-09-19', '1443-02-12', 'T128', 3000),
(111, '2021-09-19', '1443-02-12', 'T129', 2100),
(112, '2021-09-19', '1443-02-12', 'T130', 3210),
(113, '2021-09-19', '1443-02-12', 'T131', 2710),
(115, '2021-09-19', '1443-02-12', 'T133', 13751),
(117, '2021-09-19', '1443-02-12', 'T135', 7000),
(118, '2021-09-19', '1443-02-12', 'T136', 10036),
(120, '2021-09-19', '1443-02-12', 'T138', 1500),
(122, '2021-09-19', '1443-02-12', 'T140', 1100),
(123, '2021-09-19', '1443-02-12', 'T141', 6098),
(124, '2021-09-19', '1443-02-12', 'T142', 1650),
(125, '2021-09-19', '1443-02-12', 'T143', 1126),
(126, '2021-09-19', '1443-02-12', 'T144', 1000),
(127, '2021-09-20', '1443-02-13', 'N101', 8300),
(128, '2021-09-20', '1443-02-13', 'N102', 10110),
(129, '2021-09-20', '1443-02-13', 'N103', 2130),
(130, '2021-09-20', '1443-02-13', 'N104', 10768),
(131, '2021-09-20', '1443-02-13', 'N105', 5000),
(132, '2021-09-20', '1443-02-13', 'N106', 1500),
(133, '2021-09-20', '1443-02-13', 'N107', 1200),
(134, '2021-09-20', '1443-02-13', 'N108', 7244),
(135, '2021-09-20', '1443-02-13', 'N109', 1443),
(136, '2021-09-20', '1443-02-13', 'N110', 1000),
(137, '2021-09-20', '1443-02-13', 'N111', 11112),
(138, '2021-09-20', '1443-02-13', 'N112', 1550),
(139, '2021-09-20', '1443-02-13', 'N113', 1313),
(141, '2021-09-20', '1443-02-13', 'N115', 6666),
(142, '2021-09-20', '1443-02-13', 'N116', 2600),
(143, '2021-09-20', '1443-02-13', 'N117', 2580),
(144, '2021-09-20', '1443-02-13', 'N118', 1000),
(145, '2021-09-20', '1443-02-13', 'N119', 5218),
(147, '2021-09-20', '1443-02-13', 'N121', 7000),
(148, '2021-09-20', '1443-02-13', 'N122', 2021),
(149, '2021-09-20', '1443-02-13', 'N123', 2974),
(150, '2021-09-20', '1443-02-13', 'N124', 40250),
(151, '2021-09-20', '1443-02-13', 'T101', 6000),
(152, '2021-09-20', '1443-02-13', 'T102', 20000),
(153, '2021-09-20', '1443-02-13', 'T103', 6000),
(154, '2021-09-20', '1443-02-13', 'T104', 6000),
(156, '2021-09-20', '1443-02-13', 'T106', 7526),
(157, '2021-09-20', '1443-02-13', 'T107', 4445),
(158, '2021-09-20', '1443-02-13', 'T108', 1009),
(161, '2021-09-20', '1443-02-13', 'T111', 8303),
(162, '2021-09-20', '1443-02-13', 'T112', 2404),
(163, '2021-09-20', '1443-02-13', 'T113', 3545),
(164, '2021-09-20', '1443-02-13', 'T114', 2000),
(165, '2021-09-20', '1443-02-13', 'T115', 1000),
(166, '2021-09-20', '1443-02-13', 'T116', 5000),
(167, '2021-09-20', '1443-02-13', 'T117', 2500),
(168, '2021-09-20', '1443-02-13', 'T118', 6500),
(169, '2021-09-20', '1443-02-13', 'T119', 3555),
(170, '2021-09-20', '1443-02-13', 'T120', 1200),
(172, '2021-09-20', '1443-02-13', 'T122', 2100),
(174, '2021-09-20', '1443-02-13', 'T124', 5300),
(175, '2021-09-20', '1443-02-13', 'T125', 1000),
(176, '2021-09-20', '1443-02-13', 'T126', 5550),
(177, '2021-09-20', '1443-02-13', 'T127', 6215),
(178, '2021-09-20', '1443-02-13', 'T128', 4000),
(179, '2021-09-20', '1443-02-13', 'T129', 6000),
(180, '2021-09-20', '1443-02-13', 'T130', 2130),
(181, '2021-09-20', '1443-02-13', 'T131', 1518),
(182, '2021-09-20', '1443-02-13', 'T132', 3761),
(184, '2021-09-20', '1443-02-13', 'T134', 1600),
(185, '2021-09-20', '1443-02-13', 'T135', 2000),
(186, '2021-09-20', '1443-02-13', 'T136', 2250),
(187, '2021-09-20', '1443-02-13', 'T137', 7100),
(188, '2021-09-20', '1443-02-13', 'T138', 1700),
(190, '2021-09-20', '1443-02-13', 'T140', 2550),
(192, '2021-09-20', '1443-02-13', 'T142', 1500),
(193, '2021-09-20', '1443-02-13', 'T143', 1200),
(194, '2021-09-20', '1443-02-13', 'T144', 1200),
(195, '2021-09-20', '1443-02-13', 'T145', 1200),
(196, '2021-09-20', '1443-02-13', 'T146', 1200),
(197, '2021-09-20', '1443-02-13', 'T147', 1700),
(198, '2021-09-20', '1443-02-13', 'T148', 1000),
(199, '2021-09-20', '1443-02-13', 'T149', 1300),
(200, '2021-09-21', '1443-02-14', 'N101', 5500),
(201, '2021-09-21', '1443-02-14', 'N102', 1034),
(202, '2021-09-21', '1443-02-14', 'N103', 2850),
(203, '2021-09-21', '1443-02-14', 'N104', 10438),
(204, '2021-09-21', '1443-02-14', 'N105', 3300),
(205, '2021-09-21', '1443-02-14', 'N106', 1000),
(206, '2021-09-21', '1443-02-14', 'N107', 1141),
(208, '2021-09-21', '1443-02-14', 'N109', 1248),
(209, '2021-09-21', '1443-02-14', 'N110', 3205),
(210, '2021-09-21', '1443-02-14', 'N111', 2345),
(211, '2021-09-21', '1443-02-14', 'N112', 2217),
(212, '2021-09-21', '1443-02-14', 'N113', 1746),
(214, '2021-09-21', '1443-02-14', 'N115', 7077),
(216, '2021-09-21', '1443-02-14', 'N117', 3666),
(217, '2021-09-21', '1443-02-14', 'N118', 1000),
(218, '2021-09-21', '1443-02-14', 'N119', 4186),
(219, '2021-09-21', '1443-02-14', 'N120', 3000),
(220, '2021-09-21', '1443-02-14', 'N121', 7000),
(221, '2021-09-21', '1443-02-14', 'N122', 1300),
(222, '2021-09-21', '1443-02-14', 'N123', 3434),
(223, '2021-09-21', '1443-02-14', 'N124', 53500),
(224, '2021-09-21', '1443-02-14', 'N125', 1000),
(225, '2021-09-21', '1443-02-14', 'N126', 2000),
(226, '2021-09-21', '1443-02-14', 'N127', 3150),
(227, '2021-09-21', '1443-02-14', 'N128', 3100),
(228, '2021-09-21', '1443-02-14', 'T101', 3510),
(229, '2021-09-21', '1443-02-14', 'T102', 1259),
(230, '2021-09-21', '1443-02-14', 'T103', 5031),
(231, '2021-09-21', '1443-02-14', 'T104', 6020),
(233, '2021-09-21', '1443-02-14', 'T106', 10088),
(234, '2021-09-21', '1443-02-14', 'T107', 2289),
(236, '2021-09-21', '1443-02-14', 'T109', 15600),
(239, '2021-09-21', '1443-02-14', 'T112', 3000),
(240, '2021-09-21', '1443-02-14', 'T113', 3100),
(241, '2021-09-21', '1443-02-14', 'T114', 3200),
(242, '2021-09-21', '1443-02-14', 'T115', 2000),
(243, '2021-09-21', '1443-02-14', 'T116', 4337),
(244, '2021-09-21', '1443-02-14', 'T117', 5500),
(245, '2021-09-21', '1443-02-14', 'T118', 7500),
(246, '2021-09-21', '1443-02-14', 'T119', 7620),
(247, '2021-09-21', '1443-02-14', 'T120', 1450),
(248, '2021-09-21', '1443-02-14', 'T121', 18880),
(249, '2021-09-21', '1443-02-14', 'T122', 5150),
(250, '2021-09-21', '1443-02-14', 'T123', 4881),
(251, '2021-09-21', '1443-02-14', 'T124', 8300),
(252, '2021-09-21', '1443-02-14', 'T125', 5100),
(253, '2021-09-21', '1443-02-14', 'T126', 3320),
(255, '2021-09-21', '1443-02-14', 'T128', 11927),
(256, '2021-09-21', '1443-02-14', 'T129', 1070),
(257, '2021-09-21', '1443-02-14', 'T130', 3140),
(258, '2021-09-21', '1443-02-14', 'T131', 1042),
(259, '2021-09-21', '1443-02-14', 'T132', 1050),
(260, '2021-09-21', '1443-02-14', 'T133', 5722),
(261, '2021-09-21', '1443-02-14', 'T134', 2250),
(263, '2021-09-21', '1443-02-14', 'T136', 15150),
(265, '2021-09-21', '1443-02-14', 'T138', 1800),
(267, '2021-09-21', '1443-02-14', 'T140', 2150),
(268, '2021-09-21', '1443-02-14', 'T141', 4397),
(269, '2021-09-21', '1443-02-14', 'T142', 3000),
(270, '2021-09-21', '1443-02-14', 'T143', 1100),
(271, '2021-09-21', '1443-02-14', 'T144', 1100),
(272, '2021-09-21', '1443-02-14', 'T145', 1200),
(273, '2021-09-21', '1443-02-14', 'T146', 2000),
(274, '2021-09-21', '1443-02-14', 'T147', 3800),
(275, '2021-09-21', '1443-02-14', 'T148', 1700),
(276, '2021-09-21', '1443-02-14', 'T149', 1500),
(277, '2021-09-21', '1443-02-14', 'T150', 1250),
(278, '2021-09-21', '1443-02-14', 'T151', 2000),
(280, '2021-09-21', '1443-02-14', 'T153', 9300),
(282, '2021-09-21', '1443-02-14', 'T155', 4100),
(283, '2021-09-22', '1443-02-15', 'N101', 8700),
(284, '2021-09-22', '1443-02-15', 'N102', 1300),
(285, '2021-09-22', '1443-02-15', 'N103', 7000),
(286, '2021-09-22', '1443-02-15', 'N104', 7248),
(287, '2021-09-22', '1443-02-15', 'N105', 3000),
(288, '2021-09-22', '1443-02-15', 'N106', 1700),
(289, '2021-09-22', '1443-02-15', 'N107', 3036),
(290, '2021-09-22', '1443-02-15', 'N108', 10000),
(291, '2021-09-22', '1443-02-15', 'N109', 1555),
(292, '2021-09-22', '1443-02-15', 'N110', 3000),
(293, '2021-09-22', '1443-02-15', 'N111', 33333),
(294, '2021-09-22', '1443-02-15', 'N112', 1149),
(295, '2021-09-22', '1443-02-15', 'N113', 1373),
(296, '2021-09-22', '1443-02-15', 'N114', 2496),
(297, '2021-09-22', '1443-02-15', 'N115', 44444),
(298, '2021-09-22', '1443-02-15', 'N116', 2162),
(299, '2021-09-22', '1443-02-15', 'N117', 7000),
(300, '2021-09-22', '1443-02-15', 'N118', 1000),
(301, '2021-09-22', '1443-02-15', 'N119', 3568),
(302, '2021-09-22', '1443-02-15', 'N120', 3000),
(303, '2021-09-22', '1443-02-15', 'N121', 20000),
(304, '2021-09-22', '1443-02-15', 'N122', 1450),
(305, '2021-09-22', '1443-02-15', 'N123', 3794),
(307, '2021-09-22', '1443-02-15', 'N125', 1000),
(308, '2021-09-22', '1443-02-15', 'N126', 8450),
(309, '2021-09-22', '1443-02-15', 'N127', 3050),
(310, '2021-09-22', '1443-02-15', 'N128', 3160),
(311, '2021-09-22', '1443-02-15', 'N129', 5555),
(312, '2021-09-22', '1443-02-15', 'N130', 4000),
(313, '2021-09-22', '1443-02-15', 'N131', 1000),
(314, '2021-09-22', '1443-02-15', 'N132', 3115),
(315, '2021-09-22', '1443-02-15', 'T101', 3513),
(316, '2021-09-22', '1443-02-15', 'T102', 2300),
(318, '2021-09-22', '1443-02-15', 'T104', 3651),
(319, '2021-09-22', '1443-02-15', 'T105', 28195),
(321, '2021-09-22', '1443-02-15', 'T107', 1700),
(322, '2021-09-22', '1443-02-15', 'T108', 1987),
(323, '2021-09-22', '1443-02-15', 'T109', 16327),
(324, '2021-09-22', '1443-02-15', 'T110', 9022),
(327, '2021-09-22', '1443-02-15', 'T113', 4500),
(328, '2021-09-22', '1443-02-15', 'T114', 1982),
(329, '2021-09-22', '1443-02-15', 'T115', 1600),
(330, '2021-09-22', '1443-02-15', 'T116', 6744),
(331, '2021-09-22', '1443-02-15', 'T117', 3020),
(332, '2021-09-22', '1443-02-15', 'T118', 18600),
(333, '2021-09-22', '1443-02-15', 'T119', 13500),
(334, '2021-09-22', '1443-02-15', 'T120', 4320),
(336, '2021-09-22', '1443-02-15', 'T122', 6000),
(337, '2021-09-22', '1443-02-15', 'T123', 8000),
(338, '2021-09-22', '1443-02-15', 'T124', 25400),
(339, '2021-09-22', '1443-02-15', 'T125', 4033),
(340, '2021-09-22', '1443-02-15', 'T126', 15000),
(341, '2021-09-22', '1443-02-15', 'T127', 12115),
(342, '2021-09-22', '1443-02-15', 'T128', 5001),
(344, '2021-09-22', '1443-02-15', 'T130', 5690),
(345, '2021-09-22', '1443-02-15', 'T131', 3053),
(346, '2021-09-22', '1443-02-15', 'T132', 4500),
(347, '2021-09-22', '1443-02-15', 'T133', 4477),
(349, '2021-09-22', '1443-02-15', 'T135', 2000),
(350, '2021-09-22', '1443-02-15', 'T136', 17025),
(352, '2021-09-22', '1443-02-15', 'T138', 3290),
(353, '2021-09-22', '1443-02-15', 'T139', 3600),
(354, '2021-09-22', '1443-02-15', 'T140', 3320),
(355, '2021-09-22', '1443-02-15', 'T141', 5024),
(356, '2021-09-22', '1443-02-15', 'T142', 3000),
(357, '2021-09-22', '1443-02-15', 'T143', 3000),
(358, '2021-09-22', '1443-02-15', 'T144', 1000),
(359, '2021-09-22', '1443-02-15', 'T145', 2000),
(360, '2021-09-22', '1443-02-15', 'T146', 4000),
(363, '2021-09-22', '1443-02-15', 'T149', 3000),
(364, '2021-09-22', '1443-02-15', 'T150', 2021),
(365, '2021-09-22', '1443-02-15', 'T151', 2780),
(366, '2021-09-22', '1443-02-15', 'T152', 2332),
(367, '2021-09-22', '1443-02-15', 'T153', 20000),
(369, '2021-09-22', '1443-02-15', 'T155', 14200),
(371, '2021-09-22', '1443-02-15', 'T157', 1150),
(372, '2021-09-22', '1443-02-15', 'T158', 3500),
(373, '2021-09-23', '1443-02-16', 'N101', 6415),
(374, '2021-09-23', '1443-02-16', 'N102', 3000),
(375, '2021-09-23', '1443-02-16', 'N103', 9010),
(376, '2021-09-23', '1443-02-16', 'N104', 12568),
(377, '2021-09-23', '1443-02-16', 'N105', 3333),
(378, '2021-09-23', '1443-02-16', 'N106', 1000),
(379, '2021-09-23', '1443-02-16', 'N107', 3001),
(381, '2021-09-23', '1443-02-16', 'N109', 3106),
(382, '2021-09-23', '1443-02-16', 'N110', 3106),
(383, '2021-09-23', '1443-02-16', 'N111', 18427),
(384, '2021-09-23', '1443-02-16', 'N112', 1150),
(385, '2021-09-23', '1443-02-16', 'N113', 1232),
(387, '2021-09-23', '1443-02-16', 'N115', 22222),
(389, '2021-09-23', '1443-02-16', 'N117', 3333),
(390, '2021-09-23', '1443-02-16', 'N118', 1000),
(391, '2021-09-23', '1443-02-16', 'N119', 2747),
(392, '2021-09-23', '1443-02-16', 'N120', 3000),
(393, '2021-09-23', '1443-02-16', 'N121', 16000),
(394, '2021-09-23', '1443-02-16', 'N122', 1223),
(395, '2021-09-23', '1443-02-16', 'N123', 3100),
(397, '2021-09-23', '1443-02-16', 'N125', 1150),
(398, '2021-09-23', '1443-02-16', 'N126', 11000),
(399, '2021-09-23', '1443-02-16', 'N127', 4900),
(401, '2021-09-23', '1443-02-16', 'N129', 3000),
(402, '2021-09-23', '1443-02-16', 'N130', 3000),
(403, '2021-09-23', '1443-02-16', 'N131', 1000),
(404, '2021-09-23', '1443-02-16', 'N132', 3222),
(405, '2021-09-23', '1443-02-16', 'T101', 12006),
(407, '2021-09-23', '1443-02-16', 'T103', 7853),
(408, '2021-09-23', '1443-02-16', 'T104', 3705),
(409, '2021-09-23', '1443-02-16', 'T105', 50573),
(413, '2021-09-23', '1443-02-16', 'T109', 2480),
(414, '2021-09-23', '1443-02-16', 'T110', 3794),
(415, '2021-09-23', '1443-02-16', 'T111', 13000),
(416, '2021-09-23', '1443-02-16', 'T112', 3016),
(417, '2021-09-23', '1443-02-16', 'T113', 1000),
(418, '2021-09-23', '1443-02-16', 'T114', 9021),
(419, '2021-09-23', '1443-02-16', 'T115', 2050),
(420, '2021-09-23', '1443-02-16', 'T116', 11000),
(421, '2021-09-23', '1443-02-16', 'T117', 7000),
(422, '2021-09-23', '1443-02-16', 'T118', 23000),
(423, '2021-09-23', '1443-02-16', 'T119', 22444),
(424, '2021-09-23', '1443-02-16', 'T120', 2200),
(425, '2021-09-23', '1443-02-16', 'T121', 17000),
(426, '2021-09-23', '1443-02-16', 'T122', 2500),
(427, '2021-09-23', '1443-02-16', 'T123', 10300),
(428, '2021-09-23', '1443-02-16', 'T124', 50000),
(429, '2021-09-23', '1443-02-16', 'T125', 1000),
(430, '2021-09-23', '1443-02-16', 'T126', 11000),
(431, '2021-09-23', '1443-02-16', 'T127', 11325),
(432, '2021-09-23', '1443-02-16', 'T128', 5000),
(433, '2021-09-23', '1443-02-16', 'T129', 3000),
(434, '2021-09-23', '1443-02-16', 'T130', 7172),
(436, '2021-09-23', '1443-02-16', 'T132', 10050),
(439, '2021-09-23', '1443-02-16', 'T135', 2000),
(440, '2021-09-23', '1443-02-16', 'T136', 15500),
(442, '2021-09-23', '1443-02-16', 'T138', 2500),
(443, '2021-09-23', '1443-02-16', 'T139', 6400),
(445, '2021-09-23', '1443-02-16', 'T141', 3035),
(446, '2021-09-23', '1443-02-16', 'T142', 4500),
(447, '2021-09-23', '1443-02-16', 'T143', 3250),
(449, '2021-09-23', '1443-02-16', 'T145', 2200),
(450, '2021-09-23', '1443-02-16', 'T146', 5000),
(453, '2021-09-23', '1443-02-16', 'T149', 3300),
(454, '2021-09-23', '1443-02-16', 'T150', 3030),
(455, '2021-09-23', '1443-02-16', 'T151', 3132),
(456, '2021-09-23', '1443-02-16', 'T152', 2341),
(457, '2021-09-23', '1443-02-16', 'T153', 20700),
(459, '2021-09-23', '1443-02-16', 'T155', 15000),
(461, '2021-09-23', '1443-02-16', 'T157', 1150),
(462, '2021-09-23', '1443-02-16', 'T158', 4040),
(463, '2021-09-24', '1443-02-17', 'N101', 11026),
(464, '2021-09-24', '1443-02-17', 'N102', 3000),
(465, '2021-09-24', '1443-02-17', 'N103', 8645),
(466, '2021-09-24', '1443-02-17', 'N104', 8367),
(467, '2021-09-24', '1443-02-17', 'N105', 2222),
(468, '2021-09-24', '1443-02-17', 'N106', 1000),
(469, '2021-09-24', '1443-02-17', 'N107', 4080),
(470, '2021-09-24', '1443-02-17', 'N108', 1000),
(471, '2021-09-24', '1443-02-17', 'N109', 1993),
(472, '2021-09-24', '1443-02-17', 'N110', 3011),
(473, '2021-09-24', '1443-02-17', 'N111', 21599),
(474, '2021-09-24', '1443-02-17', 'N112', 1456),
(475, '2021-09-24', '1443-02-17', 'N113', 1159),
(477, '2021-09-24', '1443-02-17', 'N115', 33333),
(478, '2021-09-24', '1443-02-17', 'N116', 2228),
(479, '2021-09-24', '1443-02-17', 'N117', 24000),
(480, '2021-09-24', '1443-02-17', 'N118', 1000),
(481, '2021-09-24', '1443-02-17', 'N119', 9015),
(482, '2021-09-24', '1443-02-17', 'N120', 1500),
(483, '2021-09-24', '1443-02-17', 'N121', 15500),
(484, '2021-09-24', '1443-02-17', 'N122', 5445),
(487, '2021-09-24', '1443-02-17', 'N125', 1500),
(488, '2021-09-24', '1443-02-17', 'N126', 13000),
(489, '2021-09-24', '1443-02-17', 'N127', 7300),
(490, '2021-09-24', '1443-02-17', 'N128', 4020),
(491, '2021-09-24', '1443-02-17', 'N129', 3000),
(492, '2021-09-24', '1443-02-17', 'N130', 5000),
(493, '2021-09-24', '1443-02-17', 'N131', 1000),
(494, '2021-09-24', '1443-02-17', 'N132', 3230),
(495, '2021-09-24', '1443-02-17', 'N133', 1000),
(496, '2021-09-24', '1443-02-17', 'T101', 8888),
(499, '2021-09-24', '1443-02-17', 'T104', 12560),
(500, '2021-09-24', '1443-02-17', 'T105', 80567),
(501, '2021-09-24', '1443-02-17', 'T106', 9546),
(503, '2021-09-24', '1443-02-17', 'T108', 1289),
(506, '2021-09-24', '1443-02-17', 'T111', 20033),
(507, '2021-09-24', '1443-02-17', 'T112', 4543),
(508, '2021-09-24', '1443-02-17', 'T113', 1100),
(510, '2021-09-24', '1443-02-17', 'T115', 1055),
(511, '2021-09-24', '1443-02-17', 'T116', 5000),
(512, '2021-09-24', '1443-02-17', 'T117', 3300),
(513, '2021-09-24', '1443-02-17', 'T118', 20000),
(514, '2021-09-24', '1443-02-17', 'T119', 13010),
(515, '2021-09-24', '1443-02-17', 'T120', 3150),
(516, '2021-09-24', '1443-02-17', 'T121', 17200),
(518, '2021-09-24', '1443-02-17', 'T123', 13000),
(519, '2021-09-24', '1443-02-17', 'T124', 23000),
(520, '2021-09-24', '1443-02-17', 'T125', 1000),
(521, '2021-09-24', '1443-02-17', 'T126', 13000),
(523, '2021-09-24', '1443-02-17', 'T128', 3000),
(524, '2021-09-24', '1443-02-17', 'T129', 3000),
(525, '2021-09-24', '1443-02-17', 'T130', 5026),
(526, '2021-09-24', '1443-02-17', 'T131', 1020),
(527, '2021-09-24', '1443-02-17', 'T132', 10003),
(531, '2021-09-24', '1443-02-17', 'T136', 10200),
(533, '2021-09-24', '1443-02-17', 'T138', 4000),
(534, '2021-09-24', '1443-02-17', 'T139', 3200),
(535, '2021-09-24', '1443-02-17', 'T140', 2210),
(536, '2021-09-24', '1443-02-17', 'T141', 2364),
(537, '2021-09-24', '1443-02-17', 'T142', 3020),
(540, '2021-09-24', '1443-02-17', 'T145', 1001),
(541, '2021-09-24', '1443-02-17', 'T146', 3500),
(543, '2021-09-24', '1443-02-17', 'T148', 1000),
(544, '2021-09-24', '1443-02-17', 'T149', 3500),
(545, '2021-09-24', '1443-02-17', 'T150', 3456),
(547, '2021-09-24', '1443-02-17', 'T152', 1270),
(548, '2021-09-24', '1443-02-17', 'T153', 26300),
(552, '2021-09-24', '1443-02-17', 'T157', 1015),
(553, '2021-09-24', '1443-02-17', 'T158', 4545),
(554, '2021-09-24', '1443-02-17', 'T159', 5550),
(556, '2021-09-24', '1443-02-17', 'T161', 5854),
(557, '2021-09-25', '1443-02-18', 'N101', 14180),
(558, '2021-09-25', '1443-02-18', 'N102', 3000),
(559, '2021-09-25', '1443-02-18', 'N103', 3250),
(560, '2021-09-25', '1443-02-18', 'N104', 6000),
(561, '2021-09-25', '1443-02-18', 'N105', 4444),
(562, '2021-09-25', '1443-02-18', 'N106', 1000),
(564, '2021-09-25', '1443-02-18', 'N108', 4000),
(565, '2021-09-25', '1443-02-18', 'N109', 1693),
(566, '2021-09-25', '1443-02-18', 'N110', 2900),
(567, '2021-09-25', '1443-02-18', 'N111', 22333),
(568, '2021-09-25', '1443-02-18', 'N112', 1412),
(569, '2021-09-25', '1443-02-18', 'N113', 1300),
(571, '2021-09-25', '1443-02-18', 'N115', 16116),
(572, '2021-09-25', '1443-02-18', 'N116', 2250),
(573, '2021-09-25', '1443-02-18', 'N117', 7900),
(574, '2021-09-25', '1443-02-18', 'N118', 1000),
(575, '2021-09-25', '1443-02-18', 'N119', 12464),
(576, '2021-09-25', '1443-02-18', 'N120', 1000),
(577, '2021-09-25', '1443-02-18', 'N121', 20430),
(578, '2021-09-25', '1443-02-18', 'N122', 1961),
(579, '2021-09-25', '1443-02-18', 'N123', 1433),
(581, '2021-09-25', '1443-02-18', 'N125', 1000),
(582, '2021-09-25', '1443-02-18', 'N126', 10500),
(583, '2021-09-25', '1443-02-18', 'N127', 7340),
(584, '2021-09-25', '1443-02-18', 'N128', 4150),
(585, '2021-09-25', '1443-02-18', 'N129', 11111),
(586, '2021-09-25', '1443-02-18', 'N130', 4150),
(587, '2021-09-25', '1443-02-18', 'N131', 1018),
(588, '2021-09-25', '1443-02-18', 'N132', 3332),
(589, '2021-09-25', '1443-02-18', 'N133', 1200),
(590, '2021-09-25', '1443-02-18', 'T101', 17500),
(591, '2021-09-25', '1443-02-18', 'T102', 4900),
(592, '2021-09-25', '1443-02-18', 'T103', 8577),
(593, '2021-09-25', '1443-02-18', 'T104', 9111),
(594, '2021-09-25', '1443-02-18', 'T105', 9000),
(600, '2021-09-25', '1443-02-18', 'T111', 30300),
(602, '2021-09-25', '1443-02-18', 'T113', 1000),
(604, '2021-09-25', '1443-02-18', 'T115', 1565),
(605, '2021-09-25', '1443-02-18', 'T116', 2200),
(606, '2021-09-25', '1443-02-18', 'T117', 5000),
(607, '2021-09-25', '1443-02-18', 'T118', 30000),
(608, '2021-09-25', '1443-02-18', 'T119', 17300),
(609, '2021-09-25', '1443-02-18', 'T120', 1270),
(611, '2021-09-25', '1443-02-18', 'T122', 6000),
(612, '2021-09-25', '1443-02-18', 'T123', 16800),
(613, '2021-09-25', '1443-02-18', 'T124', 29000),
(614, '2021-09-25', '1443-02-18', 'T125', 3000),
(615, '2021-09-25', '1443-02-18', 'T126', 15000),
(616, '2021-09-25', '1443-02-18', 'T127', 2325),
(617, '2021-09-25', '1443-02-18', 'T128', 12000),
(618, '2021-09-25', '1443-02-18', 'T129', 4050),
(619, '2021-09-25', '1443-02-18', 'T130', 1224),
(620, '2021-09-25', '1443-02-18', 'T131', 1350),
(621, '2021-09-25', '1443-02-18', 'T132', 10030),
(624, '2021-09-25', '1443-02-18', 'T135', 1400),
(625, '2021-09-25', '1443-02-18', 'T136', 10200),
(627, '2021-09-25', '1443-02-18', 'T138', 2306),
(628, '2021-09-25', '1443-02-18', 'T139', 8200),
(629, '2021-09-25', '1443-02-18', 'T140', 2020),
(630, '2021-09-25', '1443-02-18', 'T141', 3242),
(631, '2021-09-25', '1443-02-18', 'T142', 1500),
(633, '2021-09-25', '1443-02-18', 'T144', 1000),
(635, '2021-09-25', '1443-02-18', 'T146', 3010),
(641, '2021-09-25', '1443-02-18', 'T152', 1258),
(642, '2021-09-25', '1443-02-18', 'T153', 22200),
(644, '2021-09-25', '1443-02-18', 'T155', 24300),
(646, '2021-09-25', '1443-02-18', 'T157', 1000),
(647, '2021-09-25', '1443-02-18', 'T158', 4750),
(649, '2021-09-25', '1443-02-18', 'T160', 1800),
(650, '2021-09-25', '1443-02-18', 'T161', 5941),
(651, '2021-09-25', '1443-02-18', 'T162', 3679),
(652, '2021-09-25', '1443-02-18', 'T163', 4381),
(653, '2021-09-25', '1443-02-18', 'T164', 104),
(654, '2021-09-25', '1443-02-18', 'T165', 4537),
(655, '2021-09-25', '1443-02-18', 'T166', 1371),
(656, '2021-09-25', '1443-02-18', 'T167', 4400),
(657, '2021-09-26', '1443-02-19', 'N101', 11059),
(658, '2021-09-26', '1443-02-19', 'N102', 3000),
(659, '2021-09-26', '1443-02-19', 'N103', 5048),
(660, '2021-09-26', '1443-02-19', 'N104', 6401),
(661, '2021-09-26', '1443-02-19', 'N105', 4500),
(662, '2021-09-26', '1443-02-19', 'N106', 1000),
(663, '2021-09-26', '1443-02-19', 'N107', 3111),
(666, '2021-09-26', '1443-02-19', 'N110', 2485),
(667, '2021-09-26', '1443-02-19', 'N111', 13500),
(668, '2021-09-26', '1443-02-19', 'N112', 5000),
(669, '2021-09-26', '1443-02-19', 'N113', 1010),
(671, '2021-09-26', '1443-02-19', 'N115', 28080),
(672, '2021-09-26', '1443-02-19', 'N116', 2373),
(673, '2021-09-26', '1443-02-19', 'N117', 13333),
(674, '2021-09-26', '1443-02-19', 'N118', 2000),
(675, '2021-09-26', '1443-02-19', 'N119', 4000),
(676, '2021-09-26', '1443-02-19', 'N120', 1000),
(677, '2021-09-26', '1443-02-19', 'N121', 4300),
(678, '2021-09-26', '1443-02-19', 'N122', 1020),
(679, '2021-09-26', '1443-02-19', 'N123', 2239),
(681, '2021-09-26', '1443-02-19', 'N125', 1000),
(682, '2021-09-26', '1443-02-19', 'N126', 220),
(683, '2021-09-26', '1443-02-19', 'N127', 5500),
(684, '2021-09-26', '1443-02-19', 'N128', 3015),
(685, '2021-09-26', '1443-02-19', 'N129', 4200),
(686, '2021-09-26', '1443-02-19', 'N130', 5150),
(687, '2021-09-26', '1443-02-19', 'N131', 1000),
(689, '2021-09-26', '1443-02-19', 'N133', 1700),
(691, '2021-09-26', '1443-02-19', 'N135', 1000),
(692, '2021-09-26', '1443-02-19', 'N136', 3054),
(693, '2021-09-26', '1443-02-19', 'T101', 10000),
(695, '2021-09-26', '1443-02-19', 'T103', 9110),
(696, '2021-09-26', '1443-02-19', 'T104', 7800),
(697, '2021-09-26', '1443-02-19', 'T105', 15409),
(705, '2021-09-26', '1443-02-19', 'T113', 1000),
(707, '2021-09-26', '1443-02-19', 'T115', 1350),
(708, '2021-09-26', '1443-02-19', 'T116', 6905),
(709, '2021-09-26', '1443-02-19', 'T117', 2000),
(710, '2021-09-26', '1443-02-19', 'T118', 30000),
(711, '2021-09-26', '1443-02-19', 'T119', 30235),
(712, '2021-09-26', '1443-02-19', 'T120', 1450),
(714, '2021-09-26', '1443-02-19', 'T122', 3150),
(715, '2021-09-26', '1443-02-19', 'T123', 20800),
(716, '2021-09-26', '1443-02-19', 'T124', 32850),
(717, '2021-09-26', '1443-02-19', 'T125', 1000),
(720, '2021-09-26', '1443-02-19', 'T128', 17171),
(722, '2021-09-26', '1443-02-19', 'T130', 2000),
(723, '2021-09-26', '1443-02-19', 'T131', 1863),
(724, '2021-09-26', '1443-02-19', 'T132', 10000),
(727, '2021-09-26', '1443-02-19', 'T135', 1700),
(728, '2021-09-26', '1443-02-19', 'T136', 10000),
(730, '2021-09-26', '1443-02-19', 'T138', 3103),
(731, '2021-09-26', '1443-02-19', 'T139', 7500),
(732, '2021-09-26', '1443-02-19', 'T140', 3080),
(733, '2021-09-26', '1443-02-19', 'T141', 3080),
(734, '2021-09-26', '1443-02-19', 'T142', 3000),
(736, '2021-09-26', '1443-02-19', 'T144', 1000),
(738, '2021-09-26', '1443-02-19', 'T146', 1320),
(741, '2021-09-26', '1443-02-19', 'T149', 3000),
(744, '2021-09-26', '1443-02-19', 'T152', 1220),
(745, '2021-09-26', '1443-02-19', 'T153', 31500),
(747, '2021-09-26', '1443-02-19', 'T155', 27000),
(750, '2021-09-26', '1443-02-19', 'T158', 5000),
(751, '2021-09-26', '1443-02-19', 'T159', 1220),
(753, '2021-09-26', '1443-02-19', 'T161', 5941),
(756, '2021-09-26', '1443-02-19', 'T164', 104),
(761, '2021-09-26', '1443-02-19', 'T169', 1361),
(762, '2021-09-27', '1443-02-20', 'N101', 5913),
(763, '2021-09-27', '1443-02-20', 'N102', 3000),
(764, '2021-09-27', '1443-02-20', 'N103', 3553),
(765, '2021-09-27', '1443-02-20', 'N104', 6000),
(766, '2021-09-27', '1443-02-20', 'N105', 2000),
(767, '2021-09-27', '1443-02-20', 'N106', 1000),
(771, '2021-09-27', '1443-02-20', 'N110', 1000),
(772, '2021-09-27', '1443-02-20', 'N111', 2199),
(773, '2021-09-27', '1443-02-20', 'N112', 1010),
(774, '2021-09-27', '1443-02-20', 'N113', 1003),
(776, '2021-09-27', '1443-02-20', 'N115', 28921),
(777, '2021-09-27', '1443-02-20', 'N116', 2373),
(778, '2021-09-27', '1443-02-20', 'N117', 4040),
(779, '2021-09-27', '1443-02-20', 'N118', 1000),
(780, '2021-09-27', '1443-02-20', 'N119', 4000),
(781, '2021-09-27', '1443-02-20', 'N120', 1010),
(783, '2021-09-27', '1443-02-20', 'N122', 1133),
(786, '2021-09-27', '1443-02-20', 'N125', 1000),
(787, '2021-09-27', '1443-02-20', 'N126', 10250),
(788, '2021-09-27', '1443-02-20', 'N127', 8150),
(789, '2021-09-27', '1443-02-20', 'N128', 6510),
(790, '2021-09-27', '1443-02-20', 'N129', 3000),
(791, '2021-09-27', '1443-02-20', 'N130', 3000),
(792, '2021-09-27', '1443-02-20', 'N131', 1003),
(793, '2021-09-27', '1443-02-20', 'N132', 3300),
(794, '2021-09-27', '1443-02-20', 'N133', 1200),
(796, '2021-09-27', '1443-02-20', 'N135', 1000),
(797, '2021-09-27', '1443-02-20', 'N136', 10500),
(798, '2021-09-27', '1443-02-20', 'T101', 8300),
(799, '2021-09-27', '1443-02-20', 'T102', 10600),
(800, '2021-09-27', '1443-02-20', 'T103', 10000),
(801, '2021-09-27', '1443-02-20', 'T104', 4433),
(802, '2021-09-27', '1443-02-20', 'T105', 7567),
(808, '2021-09-27', '1443-02-20', 'T111', 34033),
(809, '2021-09-27', '1443-02-20', 'T112', 5100),
(810, '2021-09-27', '1443-02-20', 'T113', 1100),
(811, '2021-09-27', '1443-02-20', 'T114', 5576),
(812, '2021-09-27', '1443-02-20', 'T115', 3650),
(813, '2021-09-27', '1443-02-20', 'T116', 5500),
(814, '2021-09-27', '1443-02-20', 'T117', 5000),
(815, '2021-09-27', '1443-02-20', 'T118', 23000),
(816, '2021-09-27', '1443-02-20', 'T119', 32000),
(817, '2021-09-27', '1443-02-20', 'T120', 1452),
(819, '2021-09-27', '1443-02-20', 'T122', 5000),
(820, '2021-09-27', '1443-02-20', 'T123', 23200),
(821, '2021-09-27', '1443-02-20', 'T124', 23000),
(822, '2021-09-27', '1443-02-20', 'T125', 2429),
(823, '2021-09-27', '1443-02-20', 'T126', 15000),
(825, '2021-09-27', '1443-02-20', 'T128', 12222),
(826, '2021-09-27', '1443-02-20', 'T129', 1500),
(827, '2021-09-27', '1443-02-20', 'T130', 5420),
(828, '2021-09-27', '1443-02-20', 'T131', 2868),
(829, '2021-09-27', '1443-02-20', 'T132', 7100),
(832, '2021-09-27', '1443-02-20', 'T135', 1000),
(835, '2021-09-27', '1443-02-20', 'T138', 4015),
(836, '2021-09-27', '1443-02-20', 'T139', 6000),
(837, '2021-09-27', '1443-02-20', 'T140', 3430),
(838, '2021-09-27', '1443-02-20', 'T141', 5000),
(839, '2021-09-27', '1443-02-20', 'T142', 3150),
(841, '2021-09-27', '1443-02-20', 'T144', 1000),
(845, '2021-09-27', '1443-02-20', 'T148', 1556),
(846, '2021-09-27', '1443-02-20', 'T149', 3500),
(847, '2021-09-27', '1443-02-20', 'T150', 4000),
(849, '2021-09-27', '1443-02-20', 'T152', 1046),
(850, '2021-09-27', '1443-02-20', 'T153', 20000),
(852, '2021-09-27', '1443-02-20', 'T155', 35000),
(853, '2021-09-27', '1443-02-20', 'T156', 6000),
(854, '2021-09-27', '1443-02-20', 'T157', 1010),
(855, '2021-09-27', '1443-02-20', 'T158', 1337),
(856, '2021-09-27', '1443-02-20', 'T159', 1000),
(857, '2021-09-27', '1443-02-20', 'T160', 1230),
(858, '2021-09-27', '1443-02-20', 'T161', 5941),
(859, '2021-09-27', '1443-02-20', 'T162', 4500),
(861, '2021-09-27', '1443-02-20', 'T164', 150),
(864, '2021-09-27', '1443-02-20', 'T167', 5001),
(866, '2021-09-27', '1443-02-20', 'T169', 1105),
(867, '2021-09-28', '1443-02-21', 'N101', 10100),
(868, '2021-09-28', '1443-02-21', 'N102', 3000),
(869, '2021-09-28', '1443-02-21', 'N103', 3000),
(870, '2021-09-28', '1443-02-21', 'N104', 6000),
(871, '2021-09-28', '1443-02-21', 'N105', 4500),
(872, '2021-09-28', '1443-02-21', 'N106', 1000),
(873, '2021-09-28', '1443-02-21', 'N107', 4414),
(874, '2021-09-28', '1443-02-21', 'N108', 5835),
(876, '2021-09-28', '1443-02-21', 'N110', 10010),
(877, '2021-09-28', '1443-02-21', 'N111', 12783),
(878, '2021-09-28', '1443-02-21', 'N112', 3222),
(881, '2021-09-28', '1443-02-21', 'N115', 16000),
(882, '2021-09-28', '1443-02-21', 'N116', 2236),
(883, '2021-09-28', '1443-02-21', 'N117', 14000),
(884, '2021-09-28', '1443-02-21', 'N118', 1000),
(886, '2021-09-28', '1443-02-21', 'N120', 1010),
(888, '2021-09-28', '1443-02-21', 'N122', 3883),
(889, '2021-09-28', '1443-02-21', 'N123', 7097),
(890, '2021-09-28', '1443-02-21', 'N124', 2500),
(891, '2021-09-28', '1443-02-21', 'N125', 1000),
(892, '2021-09-28', '1443-02-21', 'N126', 10050),
(893, '2021-09-28', '1443-02-21', 'N127', 2000),
(894, '2021-09-28', '1443-02-21', 'N128', 4050),
(895, '2021-09-28', '1443-02-21', 'N129', 3100),
(896, '2021-09-28', '1443-02-21', 'N130', 3000),
(897, '2021-09-28', '1443-02-21', 'N131', 1000),
(899, '2021-09-28', '1443-02-21', 'N133', 1100),
(901, '2021-09-28', '1443-02-21', 'N135', 1000),
(903, '2021-09-28', '1443-02-21', 'T101', 1750),
(906, '2021-09-28', '1443-02-21', 'T104', 15917),
(907, '2021-09-28', '1443-02-21', 'T105', 25867),
(913, '2021-09-28', '1443-02-21', 'T111', 34333),
(915, '2021-09-28', '1443-02-21', 'T113', 1850),
(916, '2021-09-28', '1443-02-21', 'T114', 12618),
(917, '2021-09-28', '1443-02-21', 'T115', 1500),
(918, '2021-09-28', '1443-02-21', 'T116', 5000),
(919, '2021-09-28', '1443-02-21', 'T117', 4000),
(920, '2021-09-28', '1443-02-21', 'T118', 20000),
(921, '2021-09-28', '1443-02-21', 'T119', 34130),
(922, '2021-09-28', '1443-02-21', 'T120', 1200),
(923, '2021-09-28', '1443-02-21', 'T121', 18168),
(924, '2021-09-28', '1443-02-21', 'T122', 3000),
(925, '2021-09-28', '1443-02-21', 'T123', 16530),
(926, '2021-09-28', '1443-02-21', 'T124', 18000),
(927, '2021-09-28', '1443-02-21', 'T125', 13377),
(928, '2021-09-28', '1443-02-21', 'T126', 16000),
(930, '2021-09-28', '1443-02-21', 'T128', 14000),
(932, '2021-09-28', '1443-02-21', 'T130', 6011),
(934, '2021-09-28', '1443-02-21', 'T132', 10020),
(938, '2021-09-28', '1443-02-21', 'T136', 10500),
(940, '2021-09-28', '1443-02-21', 'T138', 2000),
(941, '2021-09-28', '1443-02-21', 'T139', 10200),
(942, '2021-09-28', '1443-02-21', 'T140', 4050),
(943, '2021-09-28', '1443-02-21', 'T141', 5000),
(944, '2021-09-28', '1443-02-21', 'T142', 2600),
(946, '2021-09-28', '1443-02-21', 'T144', 1000),
(950, '2021-09-28', '1443-02-21', 'T148', 10010),
(951, '2021-09-28', '1443-02-21', 'T149', 2000),
(955, '2021-09-28', '1443-02-21', 'T153', 5050),
(957, '2021-09-28', '1443-02-21', 'T155', 23200),
(958, '2021-09-28', '1443-02-21', 'T156', 9945),
(961, '2021-09-28', '1443-02-21', 'T159', 2500),
(962, '2021-09-28', '1443-02-21', 'T160', 2300),
(963, '2021-09-28', '1443-02-21', 'T161', 5941),
(964, '2021-09-28', '1443-02-21', 'T162', 3300),
(968, '2021-09-28', '1443-02-21', 'T166', 12413),
(971, '2021-09-28', '1443-02-21', 'T169', 1165),
(974, '2021-09-28', '1443-02-21', 'T172', 4000),
(975, '2021-09-28', '1443-02-21', 'T173', 3456),
(976, '2021-09-29', '1443-02-22', 'N101', 12010),
(977, '2021-09-29', '1443-02-22', 'N102', 3000),
(978, '2021-09-29', '1443-02-22', 'N103', 3391),
(979, '2021-09-29', '1443-02-22', 'N104', 4000),
(980, '2021-09-29', '1443-02-22', 'N105', 4150),
(981, '2021-09-29', '1443-02-22', 'N106', 1001),
(982, '2021-09-29', '1443-02-22', 'N107', 4516),
(984, '2021-09-29', '1443-02-22', 'N109', 1100),
(986, '2021-09-29', '1443-02-22', 'N111', 5101),
(987, '2021-09-29', '1443-02-22', 'N112', 1200),
(988, '2021-09-29', '1443-02-22', 'N113', 1003),
(989, '2021-09-29', '1443-02-22', 'N114', 1000),
(990, '2021-09-29', '1443-02-22', 'N115', 7676),
(991, '2021-09-29', '1443-02-22', 'N116', 3038),
(992, '2021-09-29', '1443-02-22', 'N117', 1000),
(993, '2021-09-29', '1443-02-22', 'N118', 1000),
(995, '2021-09-29', '1443-02-22', 'N120', 1000),
(996, '2021-09-29', '1443-02-22', 'N121', 4444),
(997, '2021-09-29', '1443-02-22', 'N122', 1221),
(1000, '2021-09-29', '1443-02-22', 'N125', 1020),
(1001, '2021-09-29', '1443-02-22', 'N126', 13700),
(1002, '2021-09-29', '1443-02-22', 'N127', 5100),
(1003, '2021-09-29', '1443-02-22', 'N128', 3100),
(1004, '2021-09-29', '1443-02-22', 'N129', 4200),
(1005, '2021-09-29', '1443-02-22', 'N130', 3000),
(1006, '2021-09-29', '1443-02-22', 'N131', 1000),
(1007, '2021-09-29', '1443-02-22', 'N132', 3100),
(1008, '2021-09-29', '1443-02-22', 'N133', 1700),
(1010, '2021-09-29', '1443-02-22', 'N135', 1000),
(1012, '2021-09-29', '1443-02-22', 'N137', 1042),
(1013, '2021-09-29', '1443-02-22', 'T101', 5300),
(1016, '2021-09-29', '1443-02-22', 'T104', 1043),
(1017, '2021-09-29', '1443-02-22', 'T105', 17860),
(1020, '2021-09-29', '1443-02-22', 'T108', 1487),
(1025, '2021-09-29', '1443-02-22', 'T113', 1835),
(1027, '2021-09-29', '1443-02-22', 'T115', 2260),
(1028, '2021-09-29', '1443-02-22', 'T116', 5100),
(1029, '2021-09-29', '1443-02-22', 'T117', 9000),
(1030, '2021-09-29', '1443-02-22', 'T118', 15000),
(1031, '2021-09-29', '1443-02-22', 'T119', 27065),
(1034, '2021-09-29', '1443-02-22', 'T122', 3200),
(1035, '2021-09-29', '1443-02-22', 'T123', 18000),
(1036, '2021-09-29', '1443-02-22', 'T124', 17000),
(1037, '2021-09-29', '1443-02-22', 'T125', 1333),
(1038, '2021-09-29', '1443-02-22', 'T126', 23000),
(1040, '2021-09-29', '1443-02-22', 'T128', 4000),
(1042, '2021-09-29', '1443-02-22', 'T130', 7222),
(1043, '2021-09-29', '1443-02-22', 'T131', 1322),
(1044, '2021-09-29', '1443-02-22', 'T132', 10000),
(1045, '2021-09-29', '1443-02-22', 'T133', 18758),
(1048, '2021-09-29', '1443-02-22', 'T136', 10500),
(1050, '2021-09-29', '1443-02-22', 'T138', 2170),
(1052, '2021-09-29', '1443-02-22', 'T140', 6030),
(1053, '2021-09-29', '1443-02-22', 'T141', 4162),
(1054, '2021-09-29', '1443-02-22', 'T142', 3000),
(1055, '2021-09-29', '1443-02-22', 'T143', 3500),
(1056, '2021-09-29', '1443-02-22', 'T144', 1000),
(1061, '2021-09-29', '1443-02-22', 'T149', 3000),
(1064, '2021-09-29', '1443-02-22', 'T152', 1131),
(1065, '2021-09-29', '1443-02-22', 'T153', 14750),
(1067, '2021-09-29', '1443-02-22', 'T155', 32000),
(1071, '2021-09-29', '1443-02-22', 'T159', 1602),
(1073, '2021-09-29', '1443-02-22', 'T161', 5941),
(1074, '2021-09-29', '1443-02-22', 'T162', 3200),
(1080, '2021-09-29', '1443-02-22', 'T168', 1251),
(1081, '2021-09-29', '1443-02-22', 'T169', 929),
(1086, '2021-09-30', '1443-02-23', 'N101', 9251),
(1087, '2021-09-30', '1443-02-23', 'N102', 3000),
(1088, '2021-09-30', '1443-02-23', 'N103', 4575),
(1089, '2021-09-30', '1443-02-23', 'N104', 6000),
(1090, '2021-09-30', '1443-02-23', 'N105', 3080),
(1091, '2021-09-30', '1443-02-23', 'N106', 1002),
(1093, '2021-09-30', '1443-02-23', 'N108', 6300),
(1094, '2021-09-30', '1443-02-23', 'N109', 1500),
(1096, '2021-09-30', '1443-02-23', 'N111', 11888),
(1097, '2021-09-30', '1443-02-23', 'N112', 1000),
(1099, '2021-09-30', '1443-02-23', 'N114', 1000),
(1100, '2021-09-30', '1443-02-23', 'N115', 23456),
(1101, '2021-09-30', '1443-02-23', 'N116', 2034),
(1102, '2021-09-30', '1443-02-23', 'N117', 4500),
(1103, '2021-09-30', '1443-02-23', 'N118', 1000),
(1104, '2021-09-30', '1443-02-23', 'N119', 3000),
(1105, '2021-09-30', '1443-02-23', 'N120', 1010),
(1106, '2021-09-30', '1443-02-23', 'N121', 5120),
(1107, '2021-09-30', '1443-02-23', 'N122', 300),
(1108, '2021-09-30', '1443-02-23', 'N123', 9355),
(1110, '2021-09-30', '1443-02-23', 'N125', 1600),
(1111, '2021-09-30', '1443-02-23', 'N126', 10200),
(1112, '2021-09-30', '1443-02-23', 'N127', 2800),
(1113, '2021-09-30', '1443-02-23', 'N128', 3560),
(1114, '2021-09-30', '1443-02-23', 'N129', 3100),
(1115, '2021-09-30', '1443-02-23', 'N130', 3040),
(1116, '2021-09-30', '1443-02-23', 'N131', 1000),
(1117, '2021-09-30', '1443-02-23', 'N132', 3000),
(1118, '2021-09-30', '1443-02-23', 'N133', 2400),
(1121, '2021-09-30', '1443-02-23', 'N136', 3200),
(1122, '2021-09-30', '1443-02-23', 'N137', 2907),
(1123, '2021-09-30', '1443-02-23', 'T101', 20187),
(1124, '2021-09-30', '1443-02-23', 'T102', 11750),
(1125, '2021-09-30', '1443-02-23', 'T103', 8350),
(1126, '2021-09-30', '1443-02-23', 'T104', 6210),
(1127, '2021-09-30', '1443-02-23', 'T105', 3450),
(1131, '2021-09-30', '1443-02-23', 'T109', 2785),
(1136, '2021-09-30', '1443-02-23', 'T114', 4089),
(1137, '2021-09-30', '1443-02-23', 'T115', 1550),
(1138, '2021-09-30', '1443-02-23', 'T116', 1500),
(1139, '2021-09-30', '1443-02-23', 'T117', 8000),
(1140, '2021-09-30', '1443-02-23', 'T118', 20000),
(1141, '2021-09-30', '1443-02-23', 'T119', 3500),
(1142, '2021-09-30', '1443-02-23', 'T120', 1660),
(1144, '2021-09-30', '1443-02-23', 'T122', 3000),
(1145, '2021-09-30', '1443-02-23', 'T123', 20000),
(1148, '2021-09-30', '1443-02-23', 'T126', 15000),
(1149, '2021-09-30', '1443-02-23', 'T127', 3500),
(1150, '2021-09-30', '1443-02-23', 'T128', 23000),
(1152, '2021-09-30', '1443-02-23', 'T130', 6266),
(1153, '2021-09-30', '1443-02-23', 'T131', 1450),
(1155, '2021-09-30', '1443-02-23', 'T133', 6535),
(1157, '2021-09-30', '1443-02-23', 'T135', 1000),
(1158, '2021-09-30', '1443-02-23', 'T136', 10500),
(1160, '2021-09-30', '1443-02-23', 'T138', 3315),
(1162, '2021-09-30', '1443-02-23', 'T140', 6000),
(1163, '2021-09-30', '1443-02-23', 'T141', 5000),
(1164, '2021-09-30', '1443-02-23', 'T142', 6500),
(1165, '2021-09-30', '1443-02-23', 'T143', 1500),
(1168, '2021-09-30', '1443-02-23', 'T146', 8200),
(1171, '2021-09-30', '1443-02-23', 'T149', 2500),
(1174, '2021-09-30', '1443-02-23', 'T152', 2220),
(1175, '2021-09-30', '1443-02-23', 'T153', 7530),
(1176, '2021-09-30', '1443-02-23', 'T154', 1500),
(1177, '2021-09-30', '1443-02-23', 'T155', 20200),
(1180, '2021-09-30', '1443-02-23', 'T158', 6250),
(1181, '2021-09-30', '1443-02-23', 'T159', 1110),
(1182, '2021-09-30', '1443-02-23', 'T160', 1140),
(1183, '2021-09-30', '1443-02-23', 'T161', 5941),
(1184, '2021-09-30', '1443-02-23', 'T162', 2100),
(1189, '2021-09-30', '1443-02-23', 'T167', 3500),
(1190, '2021-09-30', '1443-02-23', 'T168', 1020),
(1191, '2021-09-30', '1443-02-23', 'T169', 2007),
(1196, '2021-10-01', '1443-02-24', 'N101', 14015),
(1197, '2021-10-01', '1443-02-24', 'N102', 3000),
(1198, '2021-10-01', '1443-02-24', 'N103', 9187),
(1199, '2021-10-01', '1443-02-24', 'N104', 4000),
(1200, '2021-10-01', '1443-02-24', 'N105', 1800),
(1201, '2021-10-01', '1443-02-24', 'N106', 1003),
(1206, '2021-10-01', '1443-02-24', 'N111', 5111),
(1207, '2021-10-01', '1443-02-24', 'N112', 4000),
(1208, '2021-10-01', '1443-02-24', 'N113', 1005),
(1209, '2021-10-01', '1443-02-24', 'N114', 1000),
(1210, '2021-10-01', '1443-02-24', 'N115', 2000),
(1211, '2021-10-01', '1443-02-24', 'N116', 2357),
(1212, '2021-10-01', '1443-02-24', 'N117', 4500),
(1213, '2021-10-01', '1443-02-24', 'N118', 1000),
(1214, '2021-10-01', '1443-02-24', 'N119', 4000),
(1215, '2021-10-01', '1443-02-24', 'N120', 1010),
(1216, '2021-10-01', '1443-02-24', 'N121', 10000),
(1217, '2021-10-01', '1443-02-24', 'N122', 3535),
(1220, '2021-10-01', '1443-02-24', 'N125', 1000),
(1221, '2021-10-01', '1443-02-24', 'N126', 10100),
(1222, '2021-10-01', '1443-02-24', 'N127', 2200),
(1223, '2021-10-01', '1443-02-24', 'N128', 3300),
(1224, '2021-10-01', '1443-02-24', 'N129', 5525),
(1225, '2021-10-01', '1443-02-24', 'N130', 10700),
(1226, '2021-10-01', '1443-02-24', 'N131', 1000),
(1228, '2021-10-01', '1443-02-24', 'N133', 2050),
(1230, '2021-10-01', '1443-02-24', 'N135', 1000),
(1232, '2021-10-01', '1443-02-24', 'N137', 1814),
(1233, '2021-10-01', '1443-02-24', 'T101', 3000),
(1235, '2021-10-01', '1443-02-24', 'T103', 8000),
(1236, '2021-10-01', '1443-02-24', 'T104', 3333),
(1237, '2021-10-01', '1443-02-24', 'T105', 7675),
(1245, '2021-10-01', '1443-02-24', 'T113', 2500),
(1246, '2021-10-01', '1443-02-24', 'T114', 5000),
(1248, '2021-10-01', '1443-02-24', 'T116', 3950),
(1249, '2021-10-01', '1443-02-24', 'T117', 5500),
(1250, '2021-10-01', '1443-02-24', 'T118', 15000),
(1251, '2021-10-01', '1443-02-24', 'T119', 1000),
(1252, '2021-10-01', '1443-02-24', 'T120', 1300),
(1254, '2021-10-01', '1443-02-24', 'T122', 2000),
(1255, '2021-10-01', '1443-02-24', 'T123', 22800),
(1256, '2021-10-01', '1443-02-24', 'T124', 23000),
(1257, '2021-10-01', '1443-02-24', 'T125', 6304),
(1260, '2021-10-01', '1443-02-24', 'T128', 10116),
(1261, '2021-10-01', '1443-02-24', 'T129', 3120),
(1262, '2021-10-01', '1443-02-24', 'T130', 11000),
(1263, '2021-10-01', '1443-02-24', 'T131', 2413),
(1264, '2021-10-01', '1443-02-24', 'T132', 23420),
(1265, '2021-10-01', '1443-02-24', 'T133', 3622),
(1268, '2021-10-01', '1443-02-24', 'T136', 10500),
(1270, '2021-10-01', '1443-02-24', 'T138', 4000),
(1271, '2021-10-01', '1443-02-24', 'T139', 4200),
(1272, '2021-10-01', '1443-02-24', 'T140', 1370),
(1273, '2021-10-01', '1443-02-24', 'T141', 2100),
(1274, '2021-10-01', '1443-02-24', 'T142', 12000),
(1276, '2021-10-01', '1443-02-24', 'T144', 1000),
(1277, '2021-10-01', '1443-02-24', 'T145', 2111),
(1278, '2021-10-01', '1443-02-24', 'T146', 5200),
(1281, '2021-10-01', '1443-02-24', 'T149', 1000),
(1282, '2021-10-01', '1443-02-24', 'T150', 4500),
(1284, '2021-10-01', '1443-02-24', 'T152', 1000),
(1285, '2021-10-01', '1443-02-24', 'T153', 5000),
(1287, '2021-10-01', '1443-02-24', 'T155', 21500),
(1289, '2021-10-01', '1443-02-24', 'T157', 1010),
(1290, '2021-10-01', '1443-02-24', 'T158', 6464),
(1291, '2021-10-01', '1443-02-24', 'T159', 1560),
(1293, '2021-10-01', '1443-02-24', 'T161', 5941),
(1300, '2021-10-01', '1443-02-24', 'T168', 1045),
(1301, '2021-10-01', '1443-02-24', 'T169', 2700),
(1306, '2021-10-02', '1443-02-25', 'N101', 8100),
(1307, '2021-10-02', '1443-02-25', 'N102', 3000),
(1308, '2021-10-02', '1443-02-25', 'N103', 3398),
(1309, '2021-10-02', '1443-02-25', 'N104', 3000),
(1310, '2021-10-02', '1443-02-25', 'N105', 1500),
(1311, '2021-10-02', '1443-02-25', 'N106', 1004),
(1313, '2021-10-02', '1443-02-25', 'N108', 7000),
(1316, '2021-10-02', '1443-02-25', 'N111', 4530),
(1318, '2021-10-02', '1443-02-25', 'N113', 1010),
(1320, '2021-10-02', '1443-02-25', 'N115', 2787),
(1321, '2021-10-02', '1443-02-25', 'N116', 2000),
(1322, '2021-10-02', '1443-02-25', 'N117', 1000),
(1323, '2021-10-02', '1443-02-25', 'N118', 1000),
(1324, '2021-10-02', '1443-02-25', 'N119', 1003),
(1325, '2021-10-02', '1443-02-25', 'N120', 1020),
(1326, '2021-10-02', '1443-02-25', 'N121', 5300),
(1327, '2021-10-02', '1443-02-25', 'N122', 1001),
(1330, '2021-10-02', '1443-02-25', 'N125', 1000),
(1331, '2021-10-02', '1443-02-25', 'N126', 11500),
(1332, '2021-10-02', '1443-02-25', 'N127', 2200),
(1333, '2021-10-02', '1443-02-25', 'N128', 3100),
(1334, '2021-10-02', '1443-02-25', 'N129', 1300),
(1335, '2021-10-02', '1443-02-25', 'N130', 3000),
(1336, '2021-10-02', '1443-02-25', 'N131', 1000),
(1337, '2021-10-02', '1443-02-25', 'N132', 3000),
(1338, '2021-10-02', '1443-02-25', 'N133', 2000),
(1340, '2021-10-02', '1443-02-25', 'N135', 1000),
(1342, '2021-10-02', '1443-02-25', 'N137', 1064),
(1343, '2021-10-02', '1443-02-25', 'T101', 10000),
(1345, '2021-10-02', '1443-02-25', 'T103', 7832),
(1346, '2021-10-02', '1443-02-25', 'T104', 11724),
(1347, '2021-10-02', '1443-02-25', 'T105', 13547),
(1350, '2021-10-02', '1443-02-25', 'T108', 1745),
(1353, '2021-10-02', '1443-02-25', 'T111', 10000),
(1355, '2021-10-02', '1443-02-25', 'T113', 1000),
(1356, '2021-10-02', '1443-02-25', 'T114', 8790),
(1357, '2021-10-02', '1443-02-25', 'T115', 1500),
(1358, '2021-10-02', '1443-02-25', 'T116', 5000),
(1359, '2021-10-02', '1443-02-25', 'T117', 6000),
(1360, '2021-10-02', '1443-02-25', 'T118', 25000),
(1363, '2021-10-02', '1443-02-25', 'T121', 21000),
(1364, '2021-10-02', '1443-02-25', 'T122', 3000),
(1365, '2021-10-02', '1443-02-25', 'T123', 23300),
(1366, '2021-10-02', '1443-02-25', 'T124', 21000),
(1367, '2021-10-02', '1443-02-25', 'T125', 1700),
(1368, '2021-10-02', '1443-02-25', 'T126', 15000),
(1370, '2021-10-02', '1443-02-25', 'T128', 8444),
(1371, '2021-10-02', '1443-02-25', 'T129', 3030),
(1372, '2021-10-02', '1443-02-25', 'T130', 7100),
(1374, '2021-10-02', '1443-02-25', 'T132', 8745),
(1375, '2021-10-02', '1443-02-25', 'T133', 4020),
(1378, '2021-10-02', '1443-02-25', 'T136', 10500),
(1380, '2021-10-02', '1443-02-25', 'T138', 5550),
(1381, '2021-10-02', '1443-02-25', 'T139', 4000),
(1383, '2021-10-02', '1443-02-25', 'T141', 5000),
(1384, '2021-10-02', '1443-02-25', 'T142', 13500),
(1388, '2021-10-02', '1443-02-25', 'T146', 17200),
(1394, '2021-10-02', '1443-02-25', 'T152', 2133),
(1397, '2021-10-02', '1443-02-25', 'T155', 23500),
(1401, '2021-10-02', '1443-02-25', 'T159', 1747),
(1403, '2021-10-02', '1443-02-25', 'T161', 5941),
(1404, '2021-10-02', '1443-02-25', 'T162', 2100),
(1408, '2021-10-02', '1443-02-25', 'T166', 5976),
(1410, '2021-10-02', '1443-02-25', 'T168', 1010),
(1411, '2021-10-02', '1443-02-25', 'T169', 1290),
(1412, '2021-10-03', '1443-02-26', 'T101', 1300),
(1413, '2021-10-03', '1443-02-26', 'T103', 5000),
(1414, '2021-10-03', '1443-02-26', 'T104', 13200),
(1415, '2021-10-03', '1443-02-26', 'T105', 20867),
(1416, '2021-10-03', '1443-02-26', 'T108', 1483),
(1417, '2021-10-03', '1443-02-26', 'T113', 1400),
(1418, '2021-10-03', '1443-02-26', 'T116', 1220),
(1419, '2021-10-03', '1443-02-26', 'T117', 6550),
(1420, '2021-10-03', '1443-02-26', 'T118', 25000),
(1421, '2021-10-03', '1443-02-26', 'T119', 15860),
(1422, '2021-10-03', '1443-02-26', 'T120', 2200),
(1423, '2021-10-03', '1443-02-26', 'T121', 2400),
(1424, '2021-10-03', '1443-02-26', 'T124', 17000),
(1425, '2021-10-03', '1443-02-26', 'T125', 2500),
(1426, '2021-10-03', '1443-02-26', 'T126', 25000),
(1427, '2021-10-03', '1443-02-26', 'T128', 15566),
(1428, '2021-10-03', '1443-02-26', 'T130', 6100),
(1429, '2021-10-03', '1443-02-26', 'T131', 2511),
(1430, '2021-10-03', '1443-02-26', 'T132', 10000),
(1431, '2021-10-03', '1443-02-26', 'T133', 2026),
(1432, '2021-10-03', '1443-02-26', 'T136', 10500),
(1433, '2021-10-03', '1443-02-26', 'T138', 3000),
(1434, '2021-10-03', '1443-02-26', 'T140', 3800),
(1435, '2021-10-03', '1443-02-26', 'T141', 5300),
(1436, '2021-10-03', '1443-02-26', 'T142', 17041);
INSERT INTO `setoran` (`id_setoran`, `tanggal_masehi`, `tanggal_hijriyah`, `id_jamaah`, `jumlah`) VALUES
(1437, '2021-10-03', '1443-02-26', 'T144', 1000),
(1438, '2021-10-03', '1443-02-26', 'T146', 3200),
(1439, '2021-10-03', '1443-02-26', 'T149', 3500),
(1440, '2021-10-03', '1443-02-26', 'T152', 1033),
(1441, '2021-10-03', '1443-02-26', 'T155', 21000),
(1442, '2021-10-03', '1443-02-26', 'T158', 12400),
(1443, '2021-10-03', '1443-02-26', 'T159', 1414),
(1444, '2021-10-03', '1443-02-26', 'T161', 5491),
(1445, '2021-10-03', '1443-02-26', 'T162', 1200),
(1446, '2021-10-03', '1443-02-26', 'T166', 4000),
(1447, '2021-10-03', '1443-02-26', 'T168', 1000),
(1448, '2021-10-03', '1443-02-26', 'T169', 2500),
(1449, '2021-10-03', '1443-02-26', 'N101', 10166),
(1450, '2021-10-03', '1443-02-26', 'N103', 3461),
(1451, '2021-10-03', '1443-02-26', 'N104', 4000),
(1452, '2021-10-03', '1443-02-26', 'N111', 3463),
(1453, '2021-10-03', '1443-02-26', 'N113', 1030),
(1454, '2021-10-03', '1443-02-26', 'N115', 3000),
(1455, '2021-10-03', '1443-02-26', 'N116', 2000),
(1456, '2021-10-03', '1443-02-26', 'N118', 1000),
(1457, '2021-10-03', '1443-02-26', 'N119', 2000),
(1458, '2021-10-03', '1443-02-26', 'N120', 1063),
(1459, '2021-10-03', '1443-02-26', 'N121', 7000),
(1460, '2021-10-03', '1443-02-26', 'N125', 1200),
(1461, '2021-10-03', '1443-02-26', 'N126', 10700),
(1462, '2021-10-03', '1443-02-26', 'N127', 5500),
(1463, '2021-10-03', '1443-02-26', 'N128', 4000),
(1464, '2021-10-03', '1443-02-26', 'N130', 2500),
(1465, '2021-10-03', '1443-02-26', 'N131', 1000),
(1466, '2021-10-03', '1443-02-26', 'N133', 2500),
(1467, '2021-10-03', '1443-02-26', 'N135', 1200);

--
-- Indexes for dumped tables
--

--
-- Indexes for table `jamaah`
--
ALTER TABLE `jamaah`
  ADD PRIMARY KEY (`id_jamaah`);

--
-- Indexes for table `komunitas`
--
ALTER TABLE `komunitas`
  ADD PRIMARY KEY (`id_komunitas`);

--
-- Indexes for table `provinsi`
--
ALTER TABLE `provinsi`
  ADD PRIMARY KEY (`id_provinsi`);

--
-- Indexes for table `setoran`
--
ALTER TABLE `setoran`
  ADD PRIMARY KEY (`id_setoran`);

--
-- AUTO_INCREMENT for dumped tables
--

--
-- AUTO_INCREMENT for table `komunitas`
--
ALTER TABLE `komunitas`
  MODIFY `id_komunitas` int(11) NOT NULL AUTO_INCREMENT, AUTO_INCREMENT=3;

--
-- AUTO_INCREMENT for table `provinsi`
--
ALTER TABLE `provinsi`
  MODIFY `id_provinsi` int(11) NOT NULL AUTO_INCREMENT, AUTO_INCREMENT=35;

--
-- AUTO_INCREMENT for table `setoran`
--
ALTER TABLE `setoran`
  MODIFY `id_setoran` int(11) NOT NULL AUTO_INCREMENT, AUTO_INCREMENT=1468;
COMMIT;

/*!40101 SET CHARACTER_SET_CLIENT=@OLD_CHARACTER_SET_CLIENT */;
/*!40101 SET CHARACTER_SET_RESULTS=@OLD_CHARACTER_SET_RESULTS */;
/*!40101 SET COLLATION_CONNECTION=@OLD_COLLATION_CONNECTION */;
